field,scope,non_null_records,metric,mean,median,min,max,p95
claim_text,ALL,1754,words,18.84,15.0,3,94,42.35
claim_text,ALL,1754,characters,130.47,106.0,26,673,288.00
claim_text,SCitance,649,words,29.84,27.0,7,94,60.00
claim_text,SCitance,649,characters,200.78,181.0,51,673,398.20
claim_text,SciFact,1105,words,12.38,12.0,3,39,21.00
claim_text,SciFact,1105,characters,89.17,82.0,26,249,154.00
citation_context,ALL,649,words,29.84,27.0,7,94,60.00
citation_context,ALL,649,characters,200.78,181.0,51,673,398.20
citation_context,SCitance,649,words,29.84,27.0,7,94,60.00
citation_context,SCitance,649,characters,200.78,181.0,51,673,398.20
citation_context,SciFact,0,words,0.00,0.0,0,0,0.00
citation_context,SciFact,0,characters,0.00,0.0,0,0,0.00
evidence_text,ALL,1338,words,133.38,114.0,8,1062,361.00
evidence_text,ALL,1338,characters,935.75,805.0,43,6866,2456.50
evidence_text,SCitance,649,words,213.75,170.0,55,1062,404.00
evidence_text,SCitance,649,characters,1504.34,1198.0,372,6866,2786.20
evidence_text,SciFact,689,words,57.67,45.0,8,309,133.00
evidence_text,SciFact,689,characters,400.17,322.0,43,1989,885.00
paper_title,ALL,1754,words,13.30,13.0,1,38,21.00
paper_title,ALL,1754,characters,100.69,97.0,7,264,157.00
paper_title,SCitance,649,words,13.23,13.0,4,38,21.00
paper_title,SCitance,649,characters,100.22,97.0,22,264,156.00
paper_title,SciFact,1105,words,13.34,13.0,1,38,21.00
paper_title,SciFact,1105,characters,100.98,98.0,7,264,157.00
paper_abstract,ALL,1754,words,215.94,172.0,55,1062,425.00
paper_abstract,ALL,1754,characters,1520.45,1240.0,372,6866,2826.30
paper_abstract,SCitance,649,words,213.75,170.0,55,1062,404.00
paper_abstract,SCitance,649,characters,1504.34,1198.0,372,6866,2786.20
paper_abstract,SciFact,1105,words,217.22,172.0,55,1062,426.00
paper_abstract,SciFact,1105,characters,1529.91,1254.0,372,6866,2847.60
