record_id,true_label,predicted_label,prob_SUPPORTED,prob_CONTRADICTED,prob_NOT_ENOUGH_EVIDENCE
CG_000002,CONTRADICTED,CONTRADICTED,0.3178,0.4185,0.2638
CG_000005,NOT_ENOUGH_EVIDENCE,NOT_ENOUGH_EVIDENCE,0.1867,0.2195,0.5937
CG_000012,SUPPORTED,CONTRADICTED,0.3326,0.4380,0.2294
CG_000016,SUPPORTED,CONTRADICTED,0.2490,0.4006,0.3504
CG_000019,CONTRADICTED,NOT_ENOUGH_EVIDENCE,0.1762,0.3684,0.4554
CG_000028,CONTRADICTED,CONTRADICTED,0.2903,0.4915,0.2181
CG_000029,CONTRADICTED,CONTRADICTED,0.2484,0.4951,0.2565
CG_000036,CONTRADICTED,CONTRADICTED,0.2836,0.4713,0.2450
CG_000040,SUPPORTED,SUPPORTED,0.3898,0.3795,0.2307
CG_000050,NOT_ENOUGH_EVIDENCE,NOT_ENOUGH_EVIDENCE,0.2266,0.2846,0.4889
CG_000054,SUPPORTED,SUPPORTED,0.4112,0.2830,0.3059
CG_000055,CONTRADICTED,CONTRADICTED,0.2746,0.3818,0.3436
CG_000058,CONTRADICTED,CONTRADICTED,0.2504,0.3921,0.3575
CG_000065,CONTRADICTED,CONTRADICTED,0.3402,0.4498,0.2101
CG_000092,CONTRADICTED,NOT_ENOUGH_EVIDENCE,0.2410,0.3237,0.4353
CG_000108,CONTRADICTED,CONTRADICTED,0.2075,0.6051,0.1875
CG_000120,SUPPORTED,NOT_ENOUGH_EVIDENCE,0.1197,0.3022,0.5781
CG_000123,SUPPORTED,CONTRADICTED,0.2746,0.3818,0.3436
CG_000144,SUPPORTED,NOT_ENOUGH_EVIDENCE,0.3231,0.2848,0.3920
CG_000145,SUPPORTED,NOT_ENOUGH_EVIDENCE,0.2766,0.3298,0.3936
CG_000147,SUPPORTED,NOT_ENOUGH_EVIDENCE,0.1774,0.2616,0.5610
CG_000161,SUPPORTED,NOT_ENOUGH_EVIDENCE,0.1123,0.4160,0.4717
CG_000163,SUPPORTED,CONTRADICTED,0.2772,0.5014,0.2214
CG_000165,SUPPORTED,NOT_ENOUGH_EVIDENCE,0.1619,0.3604,0.4777
CG_000171,CONTRADICTED,CONTRADICTED,0.2564,0.4423,0.3013
CG_000172,CONTRADICTED,NOT_ENOUGH_EVIDENCE,0.2741,0.3290,0.3969
CG_000180,CONTRADICTED,NOT_ENOUGH_EVIDENCE,0.1319,0.2161,0.6520
CG_000181,SUPPORTED,CONTRADICTED,0.2735,0.4674,0.2591
CG_000187,CONTRADICTED,CONTRADICTED,0.1009,0.4755,0.4236
CG_000189,SUPPORTED,SUPPORTED,0.3993,0.2520,0.3487
CG_000197,SUPPORTED,NOT_ENOUGH_EVIDENCE,0.2235,0.2155,0.5610
CG_000199,NOT_ENOUGH_EVIDENCE,CONTRADICTED,0.3153,0.5161,0.1686
CG_000212,SUPPORTED,CONTRADICTED,0.2720,0.3901,0.3379
CG_000215,SUPPORTED,NOT_ENOUGH_EVIDENCE,0.2330,0.2250,0.5420
CG_000224,SUPPORTED,NOT_ENOUGH_EVIDENCE,0.1292,0.0935,0.7773
CG_000230,CONTRADICTED,NOT_ENOUGH_EVIDENCE,0.1231,0.1050,0.7719
CG_000247,CONTRADICTED,CONTRADICTED,0.1721,0.4171,0.4108
CG_000253,NOT_ENOUGH_EVIDENCE,NOT_ENOUGH_EVIDENCE,0.1949,0.2485,0.5566
CG_000254,SUPPORTED,CONTRADICTED,0.2392,0.4552,0.3056
CG_000257,SUPPORTED,SUPPORTED,0.3839,0.3206,0.2955
CG_000265,CONTRADICTED,CONTRADICTED,0.2033,0.5201,0.2766
CG_000266,SUPPORTED,NOT_ENOUGH_EVIDENCE,0.3267,0.2841,0.3892
CG_000268,CONTRADICTED,NOT_ENOUGH_EVIDENCE,0.1470,0.2586,0.5945
CG_000273,SUPPORTED,NOT_ENOUGH_EVIDENCE,0.1896,0.3226,0.4878
CG_000281,SUPPORTED,SUPPORTED,0.4379,0.3410,0.2212
CG_000282,NOT_ENOUGH_EVIDENCE,NOT_ENOUGH_EVIDENCE,0.2396,0.3037,0.4567
CG_000298,CONTRADICTED,NOT_ENOUGH_EVIDENCE,0.2076,0.2593,0.5331
CG_000306,SUPPORTED,NOT_ENOUGH_EVIDENCE,0.2729,0.2955,0.4316
CG_000311,NOT_ENOUGH_EVIDENCE,NOT_ENOUGH_EVIDENCE,0.2710,0.2718,0.4572
CG_000314,SUPPORTED,NOT_ENOUGH_EVIDENCE,0.2816,0.2623,0.4561
CG_000316,CONTRADICTED,NOT_ENOUGH_EVIDENCE,0.1717,0.2541,0.5742
CG_000329,NOT_ENOUGH_EVIDENCE,NOT_ENOUGH_EVIDENCE,0.1899,0.1840,0.6261
CG_000335,NOT_ENOUGH_EVIDENCE,NOT_ENOUGH_EVIDENCE,0.1575,0.1974,0.6451
CG_000337,NOT_ENOUGH_EVIDENCE,NOT_ENOUGH_EVIDENCE,0.2433,0.2830,0.4737
CG_000341,CONTRADICTED,CONTRADICTED,0.2440,0.5525,0.2035
CG_000342,CONTRADICTED,CONTRADICTED,0.2605,0.3765,0.3629
CG_000364,CONTRADICTED,NOT_ENOUGH_EVIDENCE,0.1997,0.2822,0.5180
CG_000392,NOT_ENOUGH_EVIDENCE,SUPPORTED,0.3808,0.3315,0.2877
CG_000393,SUPPORTED,NOT_ENOUGH_EVIDENCE,0.2956,0.2578,0.4466
CG_000395,SUPPORTED,NOT_ENOUGH_EVIDENCE,0.1531,0.2274,0.6195
CG_000396,SUPPORTED,NOT_ENOUGH_EVIDENCE,0.2826,0.1997,0.5176
CG_000413,CONTRADICTED,NOT_ENOUGH_EVIDENCE,0.2631,0.2334,0.5035
CG_000415,CONTRADICTED,CONTRADICTED,0.2491,0.4128,0.3381
CG_000442,NOT_ENOUGH_EVIDENCE,NOT_ENOUGH_EVIDENCE,0.2836,0.3493,0.3670
CG_000444,SUPPORTED,NOT_ENOUGH_EVIDENCE,0.1849,0.3936,0.4215
CG_000456,SUPPORTED,CONTRADICTED,0.2623,0.3701,0.3676
CG_000466,SUPPORTED,NOT_ENOUGH_EVIDENCE,0.1384,0.2219,0.6397
CG_000470,SUPPORTED,NOT_ENOUGH_EVIDENCE,0.2639,0.1842,0.5519
CG_000473,SUPPORTED,CONTRADICTED,0.2723,0.5155,0.2122
CG_000490,CONTRADICTED,CONTRADICTED,0.2527,0.5356,0.2117
CG_000499,NOT_ENOUGH_EVIDENCE,NOT_ENOUGH_EVIDENCE,0.1874,0.3622,0.4504
CG_000511,SUPPORTED,NOT_ENOUGH_EVIDENCE,0.2974,0.2886,0.4140
CG_000519,CONTRADICTED,NOT_ENOUGH_EVIDENCE,0.1033,0.3761,0.5206
CG_000539,SUPPORTED,NOT_ENOUGH_EVIDENCE,0.1285,0.1741,0.6974
CG_000549,CONTRADICTED,CONTRADICTED,0.2328,0.4023,0.3649
CG_000550,CONTRADICTED,SUPPORTED,0.3705,0.2933,0.3362
CG_000551,NOT_ENOUGH_EVIDENCE,SUPPORTED,0.4109,0.2769,0.3122
CG_000564,NOT_ENOUGH_EVIDENCE,NOT_ENOUGH_EVIDENCE,0.2546,0.3484,0.3971
CG_000567,CONTRADICTED,NOT_ENOUGH_EVIDENCE,0.3030,0.3194,0.3776
CG_000568,CONTRADICTED,NOT_ENOUGH_EVIDENCE,0.2036,0.2864,0.5101
CG_000570,CONTRADICTED,NOT_ENOUGH_EVIDENCE,0.2273,0.2481,0.5245
CG_000571,CONTRADICTED,NOT_ENOUGH_EVIDENCE,0.2380,0.3101,0.4519
CG_000575,SUPPORTED,CONTRADICTED,0.2735,0.4996,0.2269
CG_000586,NOT_ENOUGH_EVIDENCE,CONTRADICTED,0.3369,0.4494,0.2137
CG_000588,CONTRADICTED,NOT_ENOUGH_EVIDENCE,0.2665,0.3061,0.4274
CG_000589,SUPPORTED,NOT_ENOUGH_EVIDENCE,0.2498,0.1968,0.5534
CG_000592,CONTRADICTED,NOT_ENOUGH_EVIDENCE,0.1171,0.2132,0.6696
CG_000610,NOT_ENOUGH_EVIDENCE,NOT_ENOUGH_EVIDENCE,0.2031,0.3316,0.4653
CG_000631,CONTRADICTED,CONTRADICTED,0.3885,0.4103,0.2012
CG_000633,NOT_ENOUGH_EVIDENCE,NOT_ENOUGH_EVIDENCE,0.2588,0.2370,0.5042
CG_000635,NOT_ENOUGH_EVIDENCE,NOT_ENOUGH_EVIDENCE,0.2780,0.2602,0.4618
CG_000645,CONTRADICTED,NOT_ENOUGH_EVIDENCE,0.1396,0.4270,0.4334
CG_000649,NOT_ENOUGH_EVIDENCE,NOT_ENOUGH_EVIDENCE,0.2933,0.2704,0.4363
CG_000654,SUPPORTED,SUPPORTED,0.3882,0.3172,0.2946
CG_000660,NOT_ENOUGH_EVIDENCE,NOT_ENOUGH_EVIDENCE,0.2406,0.3102,0.4492
CG_000665,SUPPORTED,SUPPORTED,0.3937,0.3918,0.2145
CG_000666,NOT_ENOUGH_EVIDENCE,CONTRADICTED,0.2949,0.5218,0.1833
CG_000671,SUPPORTED,CONTRADICTED,0.4023,0.5460,0.0517
CG_000674,NOT_ENOUGH_EVIDENCE,CONTRADICTED,0.2736,0.4631,0.2633
CG_000675,NOT_ENOUGH_EVIDENCE,CONTRADICTED,0.2683,0.4871,0.2447
CG_000679,NOT_ENOUGH_EVIDENCE,NOT_ENOUGH_EVIDENCE,0.2284,0.1950,0.5765
CG_000682,SUPPORTED,SUPPORTED,0.5227,0.3314,0.1459
CG_000685,SUPPORTED,SUPPORTED,0.4361,0.3388,0.2251
CG_000698,NOT_ENOUGH_EVIDENCE,NOT_ENOUGH_EVIDENCE,0.2919,0.2714,0.4368
CG_000721,SUPPORTED,SUPPORTED,0.4031,0.2731,0.3238
CG_000724,SUPPORTED,SUPPORTED,0.4947,0.3668,0.1385
CG_000725,SUPPORTED,SUPPORTED,0.4616,0.3303,0.2081
CG_000738,NOT_ENOUGH_EVIDENCE,NOT_ENOUGH_EVIDENCE,0.2332,0.3678,0.3989
CG_000739,NOT_ENOUGH_EVIDENCE,NOT_ENOUGH_EVIDENCE,0.2452,0.3400,0.4148
CG_000742,SUPPORTED,SUPPORTED,0.4743,0.3236,0.2021
CG_000744,SUPPORTED,SUPPORTED,0.5486,0.3127,0.1388
CG_000745,NOT_ENOUGH_EVIDENCE,SUPPORTED,0.4336,0.2900,0.2763
CG_000760,NOT_ENOUGH_EVIDENCE,NOT_ENOUGH_EVIDENCE,0.1940,0.2187,0.5872
CG_000776,NOT_ENOUGH_EVIDENCE,NOT_ENOUGH_EVIDENCE,0.2285,0.3542,0.4173
CG_000788,SUPPORTED,SUPPORTED,0.5847,0.2688,0.1465
CG_000789,CONTRADICTED,SUPPORTED,0.4474,0.4222,0.1303
CG_000799,NOT_ENOUGH_EVIDENCE,NOT_ENOUGH_EVIDENCE,0.2660,0.3041,0.4300
CG_000800,SUPPORTED,SUPPORTED,0.4512,0.3234,0.2254
CG_000804,CONTRADICTED,SUPPORTED,0.4257,0.3363,0.2380
CG_000805,SUPPORTED,SUPPORTED,0.5190,0.3035,0.1776
CG_000814,CONTRADICTED,SUPPORTED,0.4906,0.4035,0.1059
CG_000815,NOT_ENOUGH_EVIDENCE,NOT_ENOUGH_EVIDENCE,0.1994,0.2607,0.5399
CG_000818,CONTRADICTED,CONTRADICTED,0.3182,0.4603,0.2215
CG_000819,SUPPORTED,CONTRADICTED,0.2859,0.4641,0.2500
CG_000822,CONTRADICTED,SUPPORTED,0.4164,0.2631,0.3205
CG_000829,NOT_ENOUGH_EVIDENCE,NOT_ENOUGH_EVIDENCE,0.2148,0.1724,0.6128
CG_000830,NOT_ENOUGH_EVIDENCE,NOT_ENOUGH_EVIDENCE,0.2159,0.1753,0.6088
CG_000831,NOT_ENOUGH_EVIDENCE,CONTRADICTED,0.3470,0.3622,0.2908
CG_000853,NOT_ENOUGH_EVIDENCE,NOT_ENOUGH_EVIDENCE,0.2161,0.1761,0.6078
CG_000854,NOT_ENOUGH_EVIDENCE,NOT_ENOUGH_EVIDENCE,0.2094,0.2018,0.5887
CG_000861,NOT_ENOUGH_EVIDENCE,NOT_ENOUGH_EVIDENCE,0.2717,0.2777,0.4506
CG_000867,SUPPORTED,SUPPORTED,0.4522,0.2595,0.2882
CG_000868,SUPPORTED,SUPPORTED,0.4522,0.2595,0.2882
CG_000873,SUPPORTED,SUPPORTED,0.4176,0.3270,0.2554
CG_000875,SUPPORTED,CONTRADICTED,0.3045,0.5227,0.1729
CG_000876,SUPPORTED,NOT_ENOUGH_EVIDENCE,0.2204,0.2054,0.5742
CG_000889,NOT_ENOUGH_EVIDENCE,NOT_ENOUGH_EVIDENCE,0.2080,0.3351,0.4568
CG_000890,NOT_ENOUGH_EVIDENCE,NOT_ENOUGH_EVIDENCE,0.2150,0.3358,0.4492
CG_000898,SUPPORTED,SUPPORTED,0.4693,0.3587,0.1720
CG_000899,NOT_ENOUGH_EVIDENCE,NOT_ENOUGH_EVIDENCE,0.3081,0.2839,0.4080
CG_000917,SUPPORTED,SUPPORTED,0.5783,0.2226,0.1991
CG_000920,SUPPORTED,CONTRADICTED,0.3399,0.5792,0.0809
CG_000923,SUPPORTED,SUPPORTED,0.4942,0.3844,0.1213
CG_000959,CONTRADICTED,SUPPORTED,0.3758,0.3275,0.2967
CG_000994,NOT_ENOUGH_EVIDENCE,CONTRADICTED,0.3262,0.3642,0.3096
CG_000998,NOT_ENOUGH_EVIDENCE,CONTRADICTED,0.2547,0.5007,0.2446
CG_000999,NOT_ENOUGH_EVIDENCE,CONTRADICTED,0.2590,0.5008,0.2402
CG_001020,SUPPORTED,SUPPORTED,0.3787,0.3191,0.3022
CG_001031,SUPPORTED,NOT_ENOUGH_EVIDENCE,0.3635,0.2140,0.4225
CG_001033,SUPPORTED,SUPPORTED,0.6268,0.2937,0.0794
CG_001034,CONTRADICTED,SUPPORTED,0.6091,0.3099,0.0810
CG_001043,NOT_ENOUGH_EVIDENCE,NOT_ENOUGH_EVIDENCE,0.1936,0.2597,0.5468
CG_001048,CONTRADICTED,SUPPORTED,0.4637,0.3664,0.1699
CG_001049,SUPPORTED,SUPPORTED,0.4182,0.3700,0.2118
CG_001050,SUPPORTED,SUPPORTED,0.4281,0.3802,0.1917
CG_001051,CONTRADICTED,SUPPORTED,0.3971,0.3811,0.2218
CG_001061,NOT_ENOUGH_EVIDENCE,NOT_ENOUGH_EVIDENCE,0.1956,0.1649,0.6395
CG_001070,NOT_ENOUGH_EVIDENCE,CONTRADICTED,0.3549,0.4142,0.2309
CG_001075,SUPPORTED,SUPPORTED,0.4745,0.3368,0.1886
CG_001076,SUPPORTED,CONTRADICTED,0.3787,0.3963,0.2250
CG_001077,NOT_ENOUGH_EVIDENCE,NOT_ENOUGH_EVIDENCE,0.2673,0.2305,0.5021
CG_001084,SUPPORTED,SUPPORTED,0.5512,0.2586,0.1902
CG_001085,SUPPORTED,SUPPORTED,0.5927,0.2681,0.1392
CG_001087,NOT_ENOUGH_EVIDENCE,CONTRADICTED,0.3386,0.4569,0.2045
CG_001124,SUPPORTED,NOT_ENOUGH_EVIDENCE,0.3540,0.2475,0.3984
CG_001125,CONTRADICTED,NOT_ENOUGH_EVIDENCE,0.3291,0.2337,0.4372
CG_001134,CONTRADICTED,SUPPORTED,0.4176,0.4083,0.1741
CG_001135,SUPPORTED,SUPPORTED,0.4602,0.3876,0.1523
CG_001171,CONTRADICTED,CONTRADICTED,0.3626,0.4391,0.1983
CG_001172,CONTRADICTED,CONTRADICTED,0.1215,0.6914,0.1871
CG_001173,SUPPORTED,CONTRADICTED,0.3023,0.4271,0.2706
CG_001184,SUPPORTED,CONTRADICTED,0.3037,0.6010,0.0954
CG_001193,NOT_ENOUGH_EVIDENCE,NOT_ENOUGH_EVIDENCE,0.2339,0.3643,0.4018
CG_001194,NOT_ENOUGH_EVIDENCE,NOT_ENOUGH_EVIDENCE,0.2454,0.3386,0.4161
CG_001205,SUPPORTED,SUPPORTED,0.4684,0.4266,0.1050
CG_001208,CONTRADICTED,SUPPORTED,0.5245,0.2803,0.1952
CG_001211,SUPPORTED,SUPPORTED,0.3527,0.3436,0.3037
CG_001212,NOT_ENOUGH_EVIDENCE,SUPPORTED,0.3560,0.3313,0.3127
CG_001213,SUPPORTED,NOT_ENOUGH_EVIDENCE,0.3754,0.2078,0.4167
CG_001214,SUPPORTED,NOT_ENOUGH_EVIDENCE,0.3253,0.1980,0.4767
CG_001216,NOT_ENOUGH_EVIDENCE,NOT_ENOUGH_EVIDENCE,0.2079,0.2389,0.5532
CG_001234,CONTRADICTED,SUPPORTED,0.4569,0.3658,0.1773
CG_001242,SUPPORTED,CONTRADICTED,0.3819,0.3875,0.2305
CG_001244,SUPPORTED,SUPPORTED,0.5416,0.2834,0.1750
CG_001259,SUPPORTED,NOT_ENOUGH_EVIDENCE,0.3023,0.3206,0.3771
CG_001267,CONTRADICTED,CONTRADICTED,0.1686,0.5178,0.3136
CG_001274,NOT_ENOUGH_EVIDENCE,NOT_ENOUGH_EVIDENCE,0.2141,0.1695,0.6163
CG_001275,NOT_ENOUGH_EVIDENCE,NOT_ENOUGH_EVIDENCE,0.2116,0.1718,0.6166
CG_001276,CONTRADICTED,CONTRADICTED,0.3046,0.5515,0.1439
CG_001277,SUPPORTED,CONTRADICTED,0.3797,0.4620,0.1583
CG_001278,NOT_ENOUGH_EVIDENCE,CONTRADICTED,0.2865,0.4657,0.2478
CG_001309,SUPPORTED,SUPPORTED,0.5028,0.3355,0.1617
CG_001312,SUPPORTED,SUPPORTED,0.3975,0.3065,0.2960
CG_001313,CONTRADICTED,SUPPORTED,0.5487,0.3438,0.1075
CG_001314,SUPPORTED,CONTRADICTED,0.3560,0.5547,0.0893
CG_001315,SUPPORTED,SUPPORTED,0.5507,0.3544,0.0949
CG_001316,SUPPORTED,SUPPORTED,0.5450,0.3687,0.0863
CG_001323,SUPPORTED,SUPPORTED,0.4540,0.3175,0.2285
CG_001326,CONTRADICTED,SUPPORTED,0.4327,0.2682,0.2990
CG_001332,SUPPORTED,SUPPORTED,0.4076,0.3172,0.2752
CG_001338,NOT_ENOUGH_EVIDENCE,NOT_ENOUGH_EVIDENCE,0.3708,0.2404,0.3888
CG_001349,NOT_ENOUGH_EVIDENCE,NOT_ENOUGH_EVIDENCE,0.1974,0.2787,0.5239
CG_001375,CONTRADICTED,CONTRADICTED,0.4031,0.5517,0.0452
CG_001377,SUPPORTED,SUPPORTED,0.4743,0.3385,0.1872
CG_001379,SUPPORTED,SUPPORTED,0.4916,0.3105,0.1979
CG_001380,SUPPORTED,SUPPORTED,0.4734,0.3123,0.2143
CG_001387,CONTRADICTED,CONTRADICTED,0.3182,0.4962,0.1855
CG_001399,NOT_ENOUGH_EVIDENCE,NOT_ENOUGH_EVIDENCE,0.2381,0.2808,0.4810
CG_001410,NOT_ENOUGH_EVIDENCE,SUPPORTED,0.3816,0.3498,0.2686
CG_001411,NOT_ENOUGH_EVIDENCE,SUPPORTED,0.3954,0.3186,0.2860
CG_001413,SUPPORTED,CONTRADICTED,0.3403,0.3648,0.2948
CG_001429,NOT_ENOUGH_EVIDENCE,NOT_ENOUGH_EVIDENCE,0.2976,0.3438,0.3586
CG_001433,SUPPORTED,CONTRADICTED,0.2880,0.5374,0.1746
CG_001434,CONTRADICTED,CONTRADICTED,0.3679,0.4263,0.2059
CG_001444,SUPPORTED,SUPPORTED,0.5418,0.2387,0.2195
CG_001457,SUPPORTED,SUPPORTED,0.4612,0.2249,0.3139
CG_001458,NOT_ENOUGH_EVIDENCE,NOT_ENOUGH_EVIDENCE,0.3014,0.2333,0.4653
CG_001462,NOT_ENOUGH_EVIDENCE,NOT_ENOUGH_EVIDENCE,0.2397,0.3118,0.4484
CG_001463,NOT_ENOUGH_EVIDENCE,CONTRADICTED,0.2875,0.4387,0.2738
CG_001470,CONTRADICTED,SUPPORTED,0.4195,0.3497,0.2308
CG_001475,NOT_ENOUGH_EVIDENCE,NOT_ENOUGH_EVIDENCE,0.2855,0.2697,0.4448
CG_001478,SUPPORTED,SUPPORTED,0.5432,0.1954,0.2614
CG_001480,CONTRADICTED,SUPPORTED,0.4912,0.3323,0.1765
CG_001484,NOT_ENOUGH_EVIDENCE,NOT_ENOUGH_EVIDENCE,0.3005,0.3269,0.3725
CG_001487,NOT_ENOUGH_EVIDENCE,SUPPORTED,0.3660,0.3468,0.2872
CG_001488,SUPPORTED,CONTRADICTED,0.3334,0.5223,0.1443
CG_001500,CONTRADICTED,CONTRADICTED,0.2780,0.5433,0.1787
CG_001504,NOT_ENOUGH_EVIDENCE,NOT_ENOUGH_EVIDENCE,0.2072,0.3843,0.4085
CG_001526,SUPPORTED,SUPPORTED,0.4198,0.2533,0.3269
CG_001529,NOT_ENOUGH_EVIDENCE,NOT_ENOUGH_EVIDENCE,0.2116,0.1721,0.6163
CG_001532,SUPPORTED,CONTRADICTED,0.1856,0.7152,0.0992
CG_001536,NOT_ENOUGH_EVIDENCE,CONTRADICTED,0.3181,0.5047,0.1771
CG_001540,SUPPORTED,CONTRADICTED,0.3939,0.4182,0.1878
CG_001547,NOT_ENOUGH_EVIDENCE,NOT_ENOUGH_EVIDENCE,0.3137,0.2711,0.4151
CG_001556,NOT_ENOUGH_EVIDENCE,SUPPORTED,0.4223,0.2940,0.2837
CG_001565,NOT_ENOUGH_EVIDENCE,NOT_ENOUGH_EVIDENCE,0.3116,0.3436,0.3448
CG_001575,SUPPORTED,SUPPORTED,0.4813,0.2969,0.2218
CG_001581,NOT_ENOUGH_EVIDENCE,CONTRADICTED,0.2367,0.5095,0.2538
CG_001585,CONTRADICTED,NOT_ENOUGH_EVIDENCE,0.2810,0.3201,0.3989
CG_001618,SUPPORTED,SUPPORTED,0.4921,0.3975,0.1104
CG_001619,CONTRADICTED,SUPPORTED,0.4840,0.4143,0.1017
CG_001644,SUPPORTED,NOT_ENOUGH_EVIDENCE,0.3084,0.3058,0.3858
CG_001646,CONTRADICTED,CONTRADICTED,0.2996,0.5936,0.1068
CG_001651,CONTRADICTED,CONTRADICTED,0.2075,0.5638,0.2287
CG_001652,SUPPORTED,CONTRADICTED,0.3247,0.4243,0.2510
CG_001656,SUPPORTED,SUPPORTED,0.4788,0.2643,0.2569
CG_001658,SUPPORTED,SUPPORTED,0.5265,0.2562,0.2173
CG_001668,SUPPORTED,SUPPORTED,0.5219,0.2783,0.1998
CG_001673,SUPPORTED,SUPPORTED,0.4758,0.3522,0.1720
CG_001679,CONTRADICTED,SUPPORTED,0.3897,0.3841,0.2262
CG_001681,CONTRADICTED,NOT_ENOUGH_EVIDENCE,0.2695,0.3225,0.4080
CG_001689,SUPPORTED,SUPPORTED,0.5062,0.1750,0.3189
CG_001692,CONTRADICTED,SUPPORTED,0.4713,0.3106,0.2181
CG_001698,SUPPORTED,CONTRADICTED,0.3419,0.3519,0.3061
CG_001710,NOT_ENOUGH_EVIDENCE,NOT_ENOUGH_EVIDENCE,0.2576,0.2485,0.4939
CG_001720,SUPPORTED,CONTRADICTED,0.3213,0.3483,0.3304
CG_001722,SUPPORTED,CONTRADICTED,0.4204,0.5375,0.0421
CG_001725,CONTRADICTED,SUPPORTED,0.4734,0.3123,0.2143
CG_001728,SUPPORTED,SUPPORTED,0.6135,0.2681,0.1184
CG_001730,NOT_ENOUGH_EVIDENCE,CONTRADICTED,0.1705,0.4435,0.3860
CG_001731,NOT_ENOUGH_EVIDENCE,NOT_ENOUGH_EVIDENCE,0.2251,0.3175,0.4574
CG_001732,NOT_ENOUGH_EVIDENCE,NOT_ENOUGH_EVIDENCE,0.2843,0.2564,0.4594
CG_001733,NOT_ENOUGH_EVIDENCE,NOT_ENOUGH_EVIDENCE,0.2791,0.2561,0.4648
CG_001750,NOT_ENOUGH_EVIDENCE,NOT_ENOUGH_EVIDENCE,0.3005,0.3269,0.3725
CG_001751,NOT_ENOUGH_EVIDENCE,NOT_ENOUGH_EVIDENCE,0.2933,0.3339,0.3728
