record_id,true_label,predicted_label
CG_000002,CONTRADICTED,CONTRADICTED
CG_000005,NOT_ENOUGH_EVIDENCE,NOT_ENOUGH_EVIDENCE
CG_000012,SUPPORTED,CONTRADICTED
CG_000016,SUPPORTED,CONTRADICTED
CG_000019,CONTRADICTED,CONTRADICTED
CG_000028,CONTRADICTED,CONTRADICTED
CG_000029,CONTRADICTED,CONTRADICTED
CG_000036,CONTRADICTED,CONTRADICTED
CG_000040,SUPPORTED,SUPPORTED
CG_000050,NOT_ENOUGH_EVIDENCE,NOT_ENOUGH_EVIDENCE
CG_000054,SUPPORTED,SUPPORTED
CG_000055,CONTRADICTED,NOT_ENOUGH_EVIDENCE
CG_000058,CONTRADICTED,CONTRADICTED
CG_000065,CONTRADICTED,CONTRADICTED
CG_000092,CONTRADICTED,CONTRADICTED
CG_000108,CONTRADICTED,CONTRADICTED
CG_000120,SUPPORTED,NOT_ENOUGH_EVIDENCE
CG_000123,SUPPORTED,NOT_ENOUGH_EVIDENCE
CG_000144,SUPPORTED,SUPPORTED
CG_000145,SUPPORTED,NOT_ENOUGH_EVIDENCE
CG_000147,SUPPORTED,NOT_ENOUGH_EVIDENCE
CG_000161,SUPPORTED,CONTRADICTED
CG_000163,SUPPORTED,CONTRADICTED
CG_000165,SUPPORTED,NOT_ENOUGH_EVIDENCE
CG_000171,CONTRADICTED,SUPPORTED
CG_000172,CONTRADICTED,NOT_ENOUGH_EVIDENCE
CG_000180,CONTRADICTED,NOT_ENOUGH_EVIDENCE
CG_000181,SUPPORTED,CONTRADICTED
CG_000187,CONTRADICTED,CONTRADICTED
CG_000189,SUPPORTED,SUPPORTED
CG_000197,SUPPORTED,NOT_ENOUGH_EVIDENCE
CG_000199,NOT_ENOUGH_EVIDENCE,CONTRADICTED
CG_000212,SUPPORTED,SUPPORTED
CG_000215,SUPPORTED,NOT_ENOUGH_EVIDENCE
CG_000224,SUPPORTED,NOT_ENOUGH_EVIDENCE
CG_000230,CONTRADICTED,NOT_ENOUGH_EVIDENCE
CG_000247,CONTRADICTED,CONTRADICTED
CG_000253,NOT_ENOUGH_EVIDENCE,NOT_ENOUGH_EVIDENCE
CG_000254,SUPPORTED,NOT_ENOUGH_EVIDENCE
CG_000257,SUPPORTED,SUPPORTED
CG_000265,CONTRADICTED,CONTRADICTED
CG_000266,SUPPORTED,NOT_ENOUGH_EVIDENCE
CG_000268,CONTRADICTED,NOT_ENOUGH_EVIDENCE
CG_000273,SUPPORTED,NOT_ENOUGH_EVIDENCE
CG_000281,SUPPORTED,SUPPORTED
CG_000282,NOT_ENOUGH_EVIDENCE,NOT_ENOUGH_EVIDENCE
CG_000298,CONTRADICTED,NOT_ENOUGH_EVIDENCE
CG_000306,SUPPORTED,NOT_ENOUGH_EVIDENCE
CG_000311,NOT_ENOUGH_EVIDENCE,NOT_ENOUGH_EVIDENCE
CG_000314,SUPPORTED,NOT_ENOUGH_EVIDENCE
CG_000316,CONTRADICTED,NOT_ENOUGH_EVIDENCE
CG_000329,NOT_ENOUGH_EVIDENCE,NOT_ENOUGH_EVIDENCE
CG_000335,NOT_ENOUGH_EVIDENCE,NOT_ENOUGH_EVIDENCE
CG_000337,NOT_ENOUGH_EVIDENCE,NOT_ENOUGH_EVIDENCE
CG_000341,CONTRADICTED,CONTRADICTED
CG_000342,CONTRADICTED,NOT_ENOUGH_EVIDENCE
CG_000364,CONTRADICTED,NOT_ENOUGH_EVIDENCE
CG_000392,NOT_ENOUGH_EVIDENCE,SUPPORTED
CG_000393,SUPPORTED,NOT_ENOUGH_EVIDENCE
CG_000395,SUPPORTED,NOT_ENOUGH_EVIDENCE
CG_000396,SUPPORTED,SUPPORTED
CG_000413,CONTRADICTED,NOT_ENOUGH_EVIDENCE
CG_000415,CONTRADICTED,CONTRADICTED
CG_000442,NOT_ENOUGH_EVIDENCE,NOT_ENOUGH_EVIDENCE
CG_000444,SUPPORTED,NOT_ENOUGH_EVIDENCE
CG_000456,SUPPORTED,NOT_ENOUGH_EVIDENCE
CG_000466,SUPPORTED,NOT_ENOUGH_EVIDENCE
CG_000470,SUPPORTED,NOT_ENOUGH_EVIDENCE
CG_000473,SUPPORTED,CONTRADICTED
CG_000490,CONTRADICTED,CONTRADICTED
CG_000499,NOT_ENOUGH_EVIDENCE,CONTRADICTED
CG_000511,SUPPORTED,NOT_ENOUGH_EVIDENCE
CG_000519,CONTRADICTED,CONTRADICTED
CG_000539,SUPPORTED,NOT_ENOUGH_EVIDENCE
CG_000549,CONTRADICTED,CONTRADICTED
CG_000550,CONTRADICTED,NOT_ENOUGH_EVIDENCE
CG_000551,NOT_ENOUGH_EVIDENCE,SUPPORTED
CG_000564,NOT_ENOUGH_EVIDENCE,NOT_ENOUGH_EVIDENCE
CG_000567,CONTRADICTED,NOT_ENOUGH_EVIDENCE
CG_000568,CONTRADICTED,NOT_ENOUGH_EVIDENCE
CG_000570,CONTRADICTED,NOT_ENOUGH_EVIDENCE
CG_000571,CONTRADICTED,NOT_ENOUGH_EVIDENCE
CG_000575,SUPPORTED,CONTRADICTED
CG_000586,NOT_ENOUGH_EVIDENCE,CONTRADICTED
CG_000588,CONTRADICTED,NOT_ENOUGH_EVIDENCE
CG_000589,SUPPORTED,NOT_ENOUGH_EVIDENCE
CG_000592,CONTRADICTED,NOT_ENOUGH_EVIDENCE
CG_000610,NOT_ENOUGH_EVIDENCE,NOT_ENOUGH_EVIDENCE
CG_000631,CONTRADICTED,CONTRADICTED
CG_000633,NOT_ENOUGH_EVIDENCE,NOT_ENOUGH_EVIDENCE
CG_000635,NOT_ENOUGH_EVIDENCE,NOT_ENOUGH_EVIDENCE
CG_000645,CONTRADICTED,CONTRADICTED
CG_000649,NOT_ENOUGH_EVIDENCE,NOT_ENOUGH_EVIDENCE
CG_000654,SUPPORTED,SUPPORTED
CG_000660,NOT_ENOUGH_EVIDENCE,NOT_ENOUGH_EVIDENCE
CG_000665,SUPPORTED,CONTRADICTED
CG_000666,NOT_ENOUGH_EVIDENCE,CONTRADICTED
CG_000671,SUPPORTED,CONTRADICTED
CG_000674,NOT_ENOUGH_EVIDENCE,CONTRADICTED
CG_000675,NOT_ENOUGH_EVIDENCE,CONTRADICTED
CG_000679,NOT_ENOUGH_EVIDENCE,NOT_ENOUGH_EVIDENCE
CG_000682,SUPPORTED,SUPPORTED
CG_000685,SUPPORTED,SUPPORTED
CG_000698,NOT_ENOUGH_EVIDENCE,NOT_ENOUGH_EVIDENCE
CG_000721,SUPPORTED,SUPPORTED
CG_000724,SUPPORTED,SUPPORTED
CG_000725,SUPPORTED,SUPPORTED
CG_000738,NOT_ENOUGH_EVIDENCE,NOT_ENOUGH_EVIDENCE
CG_000739,NOT_ENOUGH_EVIDENCE,NOT_ENOUGH_EVIDENCE
CG_000742,SUPPORTED,SUPPORTED
CG_000744,SUPPORTED,SUPPORTED
CG_000745,NOT_ENOUGH_EVIDENCE,SUPPORTED
CG_000760,NOT_ENOUGH_EVIDENCE,NOT_ENOUGH_EVIDENCE
CG_000776,NOT_ENOUGH_EVIDENCE,NOT_ENOUGH_EVIDENCE
CG_000788,SUPPORTED,SUPPORTED
CG_000789,CONTRADICTED,CONTRADICTED
CG_000799,NOT_ENOUGH_EVIDENCE,NOT_ENOUGH_EVIDENCE
CG_000800,SUPPORTED,SUPPORTED
CG_000804,CONTRADICTED,SUPPORTED
CG_000805,SUPPORTED,SUPPORTED
CG_000814,CONTRADICTED,SUPPORTED
CG_000815,NOT_ENOUGH_EVIDENCE,NOT_ENOUGH_EVIDENCE
CG_000818,CONTRADICTED,CONTRADICTED
CG_000819,SUPPORTED,CONTRADICTED
CG_000822,CONTRADICTED,NOT_ENOUGH_EVIDENCE
CG_000829,NOT_ENOUGH_EVIDENCE,NOT_ENOUGH_EVIDENCE
CG_000830,NOT_ENOUGH_EVIDENCE,NOT_ENOUGH_EVIDENCE
CG_000831,NOT_ENOUGH_EVIDENCE,CONTRADICTED
CG_000853,NOT_ENOUGH_EVIDENCE,NOT_ENOUGH_EVIDENCE
CG_000854,NOT_ENOUGH_EVIDENCE,NOT_ENOUGH_EVIDENCE
CG_000861,NOT_ENOUGH_EVIDENCE,NOT_ENOUGH_EVIDENCE
CG_000867,SUPPORTED,SUPPORTED
CG_000868,SUPPORTED,SUPPORTED
CG_000873,SUPPORTED,SUPPORTED
CG_000875,SUPPORTED,CONTRADICTED
CG_000876,SUPPORTED,NOT_ENOUGH_EVIDENCE
CG_000889,NOT_ENOUGH_EVIDENCE,NOT_ENOUGH_EVIDENCE
CG_000890,NOT_ENOUGH_EVIDENCE,NOT_ENOUGH_EVIDENCE
CG_000898,SUPPORTED,SUPPORTED
CG_000899,NOT_ENOUGH_EVIDENCE,NOT_ENOUGH_EVIDENCE
CG_000917,SUPPORTED,SUPPORTED
CG_000920,SUPPORTED,CONTRADICTED
CG_000923,SUPPORTED,SUPPORTED
CG_000959,CONTRADICTED,CONTRADICTED
CG_000994,NOT_ENOUGH_EVIDENCE,CONTRADICTED
CG_000998,NOT_ENOUGH_EVIDENCE,CONTRADICTED
CG_000999,NOT_ENOUGH_EVIDENCE,CONTRADICTED
CG_001020,SUPPORTED,SUPPORTED
CG_001031,SUPPORTED,NOT_ENOUGH_EVIDENCE
CG_001033,SUPPORTED,SUPPORTED
CG_001034,CONTRADICTED,SUPPORTED
CG_001043,NOT_ENOUGH_EVIDENCE,CONTRADICTED
CG_001048,CONTRADICTED,SUPPORTED
CG_001049,SUPPORTED,SUPPORTED
CG_001050,SUPPORTED,CONTRADICTED
CG_001051,CONTRADICTED,SUPPORTED
CG_001061,NOT_ENOUGH_EVIDENCE,NOT_ENOUGH_EVIDENCE
CG_001070,NOT_ENOUGH_EVIDENCE,CONTRADICTED
CG_001075,SUPPORTED,SUPPORTED
CG_001076,SUPPORTED,CONTRADICTED
CG_001077,NOT_ENOUGH_EVIDENCE,NOT_ENOUGH_EVIDENCE
CG_001084,SUPPORTED,SUPPORTED
CG_001085,SUPPORTED,SUPPORTED
CG_001087,NOT_ENOUGH_EVIDENCE,CONTRADICTED
CG_001124,SUPPORTED,SUPPORTED
CG_001125,CONTRADICTED,SUPPORTED
CG_001134,CONTRADICTED,SUPPORTED
CG_001135,SUPPORTED,SUPPORTED
CG_001171,CONTRADICTED,CONTRADICTED
CG_001172,CONTRADICTED,CONTRADICTED
CG_001173,SUPPORTED,CONTRADICTED
CG_001184,SUPPORTED,CONTRADICTED
CG_001193,NOT_ENOUGH_EVIDENCE,CONTRADICTED
CG_001194,NOT_ENOUGH_EVIDENCE,CONTRADICTED
CG_001205,SUPPORTED,SUPPORTED
CG_001208,CONTRADICTED,SUPPORTED
CG_001211,SUPPORTED,SUPPORTED
CG_001212,NOT_ENOUGH_EVIDENCE,SUPPORTED
CG_001213,SUPPORTED,SUPPORTED
CG_001214,SUPPORTED,SUPPORTED
CG_001216,NOT_ENOUGH_EVIDENCE,NOT_ENOUGH_EVIDENCE
CG_001234,CONTRADICTED,SUPPORTED
CG_001242,SUPPORTED,SUPPORTED
CG_001244,SUPPORTED,SUPPORTED
CG_001259,SUPPORTED,NOT_ENOUGH_EVIDENCE
CG_001267,CONTRADICTED,CONTRADICTED
CG_001274,NOT_ENOUGH_EVIDENCE,NOT_ENOUGH_EVIDENCE
CG_001275,NOT_ENOUGH_EVIDENCE,NOT_ENOUGH_EVIDENCE
CG_001276,CONTRADICTED,CONTRADICTED
CG_001277,SUPPORTED,CONTRADICTED
CG_001278,NOT_ENOUGH_EVIDENCE,CONTRADICTED
CG_001309,SUPPORTED,SUPPORTED
CG_001312,SUPPORTED,NOT_ENOUGH_EVIDENCE
CG_001313,CONTRADICTED,SUPPORTED
CG_001314,SUPPORTED,CONTRADICTED
CG_001315,SUPPORTED,CONTRADICTED
CG_001316,SUPPORTED,SUPPORTED
CG_001323,SUPPORTED,SUPPORTED
CG_001326,CONTRADICTED,SUPPORTED
CG_001332,SUPPORTED,SUPPORTED
CG_001338,NOT_ENOUGH_EVIDENCE,NOT_ENOUGH_EVIDENCE
CG_001349,NOT_ENOUGH_EVIDENCE,CONTRADICTED
CG_001375,CONTRADICTED,CONTRADICTED
CG_001377,SUPPORTED,SUPPORTED
CG_001379,SUPPORTED,SUPPORTED
CG_001380,SUPPORTED,SUPPORTED
CG_001387,CONTRADICTED,CONTRADICTED
CG_001399,NOT_ENOUGH_EVIDENCE,NOT_ENOUGH_EVIDENCE
CG_001410,NOT_ENOUGH_EVIDENCE,SUPPORTED
CG_001411,NOT_ENOUGH_EVIDENCE,SUPPORTED
CG_001413,SUPPORTED,NOT_ENOUGH_EVIDENCE
CG_001429,NOT_ENOUGH_EVIDENCE,NOT_ENOUGH_EVIDENCE
CG_001433,SUPPORTED,CONTRADICTED
CG_001434,CONTRADICTED,SUPPORTED
CG_001444,SUPPORTED,SUPPORTED
CG_001457,SUPPORTED,SUPPORTED
CG_001458,NOT_ENOUGH_EVIDENCE,NOT_ENOUGH_EVIDENCE
CG_001462,NOT_ENOUGH_EVIDENCE,NOT_ENOUGH_EVIDENCE
CG_001463,NOT_ENOUGH_EVIDENCE,CONTRADICTED
CG_001470,CONTRADICTED,SUPPORTED
CG_001475,NOT_ENOUGH_EVIDENCE,NOT_ENOUGH_EVIDENCE
CG_001478,SUPPORTED,SUPPORTED
CG_001480,CONTRADICTED,SUPPORTED
CG_001484,NOT_ENOUGH_EVIDENCE,NOT_ENOUGH_EVIDENCE
CG_001487,NOT_ENOUGH_EVIDENCE,SUPPORTED
CG_001488,SUPPORTED,CONTRADICTED
CG_001500,CONTRADICTED,CONTRADICTED
CG_001504,NOT_ENOUGH_EVIDENCE,CONTRADICTED
CG_001526,SUPPORTED,NOT_ENOUGH_EVIDENCE
CG_001529,NOT_ENOUGH_EVIDENCE,NOT_ENOUGH_EVIDENCE
CG_001532,SUPPORTED,CONTRADICTED
CG_001536,NOT_ENOUGH_EVIDENCE,CONTRADICTED
CG_001540,SUPPORTED,CONTRADICTED
CG_001547,NOT_ENOUGH_EVIDENCE,NOT_ENOUGH_EVIDENCE
CG_001556,NOT_ENOUGH_EVIDENCE,SUPPORTED
CG_001565,NOT_ENOUGH_EVIDENCE,SUPPORTED
CG_001575,SUPPORTED,SUPPORTED
CG_001581,NOT_ENOUGH_EVIDENCE,CONTRADICTED
CG_001585,CONTRADICTED,NOT_ENOUGH_EVIDENCE
CG_001618,SUPPORTED,CONTRADICTED
CG_001619,CONTRADICTED,CONTRADICTED
CG_001644,SUPPORTED,NOT_ENOUGH_EVIDENCE
CG_001646,CONTRADICTED,CONTRADICTED
CG_001651,CONTRADICTED,CONTRADICTED
CG_001652,SUPPORTED,CONTRADICTED
CG_001656,SUPPORTED,SUPPORTED
CG_001658,SUPPORTED,SUPPORTED
CG_001668,SUPPORTED,SUPPORTED
CG_001673,SUPPORTED,SUPPORTED
CG_001679,CONTRADICTED,SUPPORTED
CG_001681,CONTRADICTED,NOT_ENOUGH_EVIDENCE
CG_001689,SUPPORTED,SUPPORTED
CG_001692,CONTRADICTED,SUPPORTED
CG_001698,SUPPORTED,SUPPORTED
CG_001710,NOT_ENOUGH_EVIDENCE,NOT_ENOUGH_EVIDENCE
CG_001720,SUPPORTED,CONTRADICTED
CG_001722,SUPPORTED,CONTRADICTED
CG_001725,CONTRADICTED,SUPPORTED
CG_001728,SUPPORTED,SUPPORTED
CG_001730,NOT_ENOUGH_EVIDENCE,CONTRADICTED
CG_001731,NOT_ENOUGH_EVIDENCE,NOT_ENOUGH_EVIDENCE
CG_001732,NOT_ENOUGH_EVIDENCE,NOT_ENOUGH_EVIDENCE
CG_001733,NOT_ENOUGH_EVIDENCE,NOT_ENOUGH_EVIDENCE
CG_001750,NOT_ENOUGH_EVIDENCE,NOT_ENOUGH_EVIDENCE
CG_001751,NOT_ENOUGH_EVIDENCE,NOT_ENOUGH_EVIDENCE
