model,condition,dev_accuracy,dev_macro_f1,test_accuracy,test_macro_f1,test_weighted_f1
Majority Baseline,Condition A: Claim Only,0.3612,0.1769,0.4264,0.1993,0.2549
Logistic Regression,Condition A: Claim Only,0.5019,0.5069,0.5057,0.4984,0.5037
Linear SVM,Condition A: Claim Only,0.4677,0.4681,0.4981,0.4845,0.4887
Logistic Regression,Condition B: Claim + Title,0.4829,0.4855,0.4755,0.4773,0.4728
Linear SVM,Condition B: Claim + Title,0.4829,0.4791,0.5208,0.5200,0.5166
Logistic Regression,Condition C: Claim + Evidence (Strict),0.6806,0.6741,0.6717,0.6754,0.6800
Linear SVM,Condition C: Claim + Evidence (Strict),0.7072,0.6934,0.6415,0.6324,0.6376
Logistic Regression,Condition D: Claim + Abstract Fallback,0.5817,0.5599,0.5358,0.5248,0.5346
Linear SVM,Condition D: Claim + Abstract Fallback,0.5437,0.5405,0.5283,0.5210,0.5321
Logistic Regression,Condition E: Full Standardized Input,0.5779,0.5570,0.5170,0.5049,0.5155
Linear SVM,Condition E: Full Standardized Input,0.5589,0.5566,0.5358,0.5293,0.5369
