model,condition_key,subset,n_samples,accuracy,macro_f1,weighted_f1,sup_f1,con_f1,nee_f1
Logistic Regression,condition_a,Combined Test,265,0.5057,0.4984,0.5037,0.5639,0.5517,0.3797
Logistic Regression,condition_a,Natural-Only Test,228,0.4561,0.4058,0.4601,0.5689,0.2564,0.3922
Logistic Regression,condition_a,Synthetic-Negation Test,37,0.8108,0.2985,0.8955,0.0000,0.8955,0.0000
Logistic Regression,condition_a,SCitance Test,93,0.6452,0.6164,0.6497,0.6154,0.7895,0.4444
Logistic Regression,condition_a,SciFact Test,172,0.4302,0.3957,0.4253,0.5432,0.2899,0.3540
Linear SVM,condition_a,Combined Test,265,0.4981,0.4845,0.4887,0.5511,0.5644,0.3380
Linear SVM,condition_a,Natural-Only Test,228,0.4386,0.3997,0.4429,0.5561,0.2979,0.3453
Linear SVM,condition_a,Synthetic-Negation Test,37,0.8649,0.3092,0.9275,0.0000,0.9275,0.0000
Linear SVM,condition_a,SCitance Test,93,0.6559,0.6123,0.6534,0.6269,0.8101,0.4000
Linear SVM,condition_a,SciFact Test,172,0.4128,0.3887,0.4082,0.5190,0.3333,0.3137
Logistic Regression,condition_b,Combined Test,265,0.4755,0.4773,0.4728,0.4722,0.5621,0.3975
Logistic Regression,condition_b,Natural-Only Test,228,0.4123,0.3811,0.4200,0.4789,0.2619,0.4025
Logistic Regression,condition_b,Synthetic-Negation Test,37,0.8649,0.3092,0.9275,0.0000,0.9275,0.0000
Logistic Regression,condition_b,SCitance Test,93,0.6344,0.5994,0.6237,0.5625,0.7619,0.4737
Logistic Regression,condition_b,SciFact Test,172,0.3895,0.3757,0.3900,0.4342,0.3188,0.3740
Linear SVM,condition_b,Combined Test,265,0.5208,0.5200,0.5166,0.5249,0.6065,0.4286
Linear SVM,condition_b,Natural-Only Test,228,0.4605,0.4310,0.4665,0.5321,0.3294,0.4314
Linear SVM,condition_b,Synthetic-Negation Test,37,0.8919,0.3143,0.9429,0.0000,0.9429,0.0000
Linear SVM,condition_b,SCitance Test,93,0.7097,0.6705,0.7035,0.6761,0.8354,0.5000
Linear SVM,condition_b,SciFact Test,172,0.4186,0.4095,0.4200,0.4533,0.3684,0.4068
Logistic Regression,condition_c,Combined Test,265,0.6717,0.6754,0.6800,0.6635,0.5422,0.8205
Logistic Regression,condition_c,Natural-Only Test,228,0.6447,0.5992,0.6762,0.6699,0.2857,0.8421
Logistic Regression,condition_c,Synthetic-Negation Test,37,0.8378,0.3039,0.9118,0.0000,0.9118,0.0000
Logistic Regression,condition_c,SCitance Test,93,0.5054,0.4014,0.4652,0.5000,0.6327,0.0714
Logistic Regression,condition_c,SciFact Test,172,0.7616,0.7086,0.7620,0.7297,0.4118,0.9844
Linear SVM,condition_c,Combined Test,265,0.6415,0.6324,0.6376,0.6300,0.5103,0.7568
Linear SVM,condition_c,Natural-Only Test,228,0.6404,0.5835,0.6496,0.6364,0.3095,0.8046
Linear SVM,condition_c,Synthetic-Negation Test,37,0.6486,0.2623,0.7869,0.0000,0.7869,0.0000
Linear SVM,condition_c,SCitance Test,93,0.4731,0.4520,0.4750,0.4074,0.6154,0.3333
Linear SVM,condition_c,SciFact Test,172,0.7326,0.6772,0.7303,0.7123,0.3881,0.9313
Logistic Regression,condition_d,Combined Test,265,0.5358,0.5248,0.5346,0.5612,0.4028,0.6105
Logistic Regression,condition_d,Natural-Only Test,228,0.5439,0.4952,0.5579,0.5641,0.2472,0.6744
Logistic Regression,condition_d,Synthetic-Negation Test,37,0.4865,0.2182,0.6545,0.0000,0.6545,0.0000
Logistic Regression,condition_d,SCitance Test,93,0.4086,0.3883,0.3850,0.2222,0.5373,0.4054
Logistic Regression,condition_d,SciFact Test,172,0.6047,0.5631,0.6190,0.6623,0.2857,0.7414
Linear SVM,condition_d,Combined Test,265,0.5283,0.5210,0.5321,0.5787,0.4238,0.5604
Linear SVM,condition_d,Natural-Only Test,228,0.5307,0.4912,0.5502,0.5816,0.2737,0.6182
Linear SVM,condition_d,Synthetic-Negation Test,37,0.5135,0.2262,0.6786,0.0000,0.6786,0.0000
Linear SVM,condition_d,SCitance Test,93,0.4409,0.4327,0.4411,0.3333,0.5758,0.3889
Linear SVM,condition_d,SciFact Test,172,0.5756,0.5454,0.5957,0.6577,0.3059,0.6727
Logistic Regression,condition_e,Combined Test,265,0.5170,0.5049,0.5155,0.5464,0.3776,0.5907
Logistic Regression,condition_e,Natural-Only Test,228,0.5263,0.4764,0.5404,0.5492,0.2247,0.6552
Logistic Regression,condition_e,Synthetic-Negation Test,37,0.4595,0.2099,0.6296,0.0000,0.6296,0.0000
Logistic Regression,condition_e,SCitance Test,93,0.3978,0.3800,0.3772,0.2222,0.5231,0.3947
Logistic Regression,condition_e,SciFact Test,172,0.5814,0.5396,0.5969,0.6443,0.2564,0.7179
Linear SVM,condition_e,Combined Test,265,0.5358,0.5293,0.5369,0.5628,0.4490,0.5761
Linear SVM,condition_e,Natural-Only Test,228,0.5351,0.4952,0.5491,0.5657,0.2889,0.6310
Linear SVM,condition_e,Synthetic-Negation Test,37,0.5405,0.2339,0.7018,0.0000,0.7018,0.0000
Linear SVM,condition_e,SCitance Test,93,0.4409,0.4290,0.4381,0.3333,0.5714,0.3824
Linear SVM,condition_e,SciFact Test,172,0.5872,0.5544,0.5983,0.6358,0.3377,0.6897
